bus_id,typ,depot,verfuegbar,plaetze
B001,Gelenk,Depot Nord (fiktiv),True,100
B002,Solo,Depot West (fiktiv),True,70
B003,Solo,Depot West (fiktiv),True,70
B004,Gelenk,Depot Nord (fiktiv),True,100
B005,Solo,Depot Nord (fiktiv),True,70
B006,Solo,Depot West (fiktiv),True,70
B007,Solo,Depot Nord (fiktiv),True,70
B008,Gelenk,Depot Nord (fiktiv),True,100
B009,Gelenk,Depot West (fiktiv),True,100
B010,Gelenk,Depot Nord (fiktiv),True,100
B011,Solo,Depot Süd (fiktiv),False,70
B012,Solo,Depot Nord (fiktiv),True,70
B013,Solo,Depot Nord (fiktiv),True,70
B014,Gelenk,Depot Süd (fiktiv),True,100
B015,Gelenk,Depot Nord (fiktiv),True,100
B016,Gelenk,Depot West (fiktiv),True,100
B017,Solo,Depot Nord (fiktiv),True,70
B018,Gelenk,Depot Nord (fiktiv),True,100
B019,Solo,Depot Nord (fiktiv),True,70
B020,Gelenk,Depot West (fiktiv),True,100
B021,Gelenk,Depot West (fiktiv),False,100
B022,Gelenk,Depot Nord (fiktiv),True,100
B023,Gelenk,Depot Süd (fiktiv),True,100
B024,Gelenk,Depot Süd (fiktiv),True,100
B025,Solo,Depot Süd (fiktiv),True,70
B026,Solo,Depot West (fiktiv),True,70
B027,Solo,Depot Nord (fiktiv),True,70
B028,Gelenk,Depot Nord (fiktiv),True,100
B029,Gelenk,Depot Nord (fiktiv),True,100
B030,Gelenk,Depot Nord (fiktiv),True,100
B031,Gelenk,Depot Nord (fiktiv),True,100
B032,Solo,Depot West (fiktiv),True,70
B033,Gelenk,Depot Süd (fiktiv),True,100
B034,Gelenk,Depot Süd (fiktiv),True,100
B035,Solo,Depot West (fiktiv),True,70
B036,Solo,Depot Nord (fiktiv),True,70
B037,Solo,Depot Nord (fiktiv),True,70
B038,Solo,Depot Süd (fiktiv),True,70
B039,Gelenk,Depot Süd (fiktiv),True,100
B040,Gelenk,Depot Nord (fiktiv),True,100
B041,Gelenk,Depot Süd (fiktiv),True,100
B042,Solo,Depot Süd (fiktiv),True,70
B043,Gelenk,Depot Süd (fiktiv),True,100
B044,Gelenk,Depot West (fiktiv),True,100
B045,Solo,Depot Süd (fiktiv),True,70
B046,Gelenk,Depot Nord (fiktiv),True,100
B047,Solo,Depot West (fiktiv),True,70
B048,Solo,Depot Süd (fiktiv),True,70
B049,Solo,Depot Süd (fiktiv),True,70
B050,Solo,Depot Nord (fiktiv),True,70
B051,Gelenk,Depot Nord (fiktiv),True,100
B052,Solo,Depot Nord (fiktiv),True,70
B053,Solo,Depot West (fiktiv),True,70
B054,Solo,Depot Süd (fiktiv),True,70
B055,Solo,Depot West (fiktiv),True,70
B056,Solo,Depot Nord (fiktiv),True,70
B057,Solo,Depot West (fiktiv),True,70
B058,Gelenk,Depot Süd (fiktiv),True,100
B059,Solo,Depot Süd (fiktiv),True,70
B060,Gelenk,Depot Nord (fiktiv),True,100
B061,Solo,Depot Nord (fiktiv),True,70
B062,Gelenk,Depot Süd (fiktiv),True,100
B063,Gelenk,Depot Süd (fiktiv),True,100
B064,Solo,Depot Süd (fiktiv),True,70
B065,Solo,Depot West (fiktiv),True,70
B066,Gelenk,Depot Nord (fiktiv),True,100
B067,Gelenk,Depot Süd (fiktiv),True,100
B068,Gelenk,Depot West (fiktiv),True,100
B069,Solo,Depot Süd (fiktiv),True,70
B070,Solo,Depot West (fiktiv),True,70
B071,Gelenk,Depot Süd (fiktiv),True,100
B072,Gelenk,Depot Nord (fiktiv),True,100
B073,Solo,Depot Süd (fiktiv),True,70
B074,Gelenk,Depot Süd (fiktiv),True,100
B075,Gelenk,Depot West (fiktiv),True,100
B076,Solo,Depot Nord (fiktiv),True,70
B077,Solo,Depot Süd (fiktiv),True,70
B078,Solo,Depot West (fiktiv),True,70
B079,Solo,Depot Süd (fiktiv),True,70
B080,Gelenk,Depot West (fiktiv),True,100
B081,Solo,Depot Nord (fiktiv),True,70
B082,Solo,Depot Nord (fiktiv),True,70
B083,Gelenk,Depot Süd (fiktiv),True,100
B084,Gelenk,Depot Süd (fiktiv),True,100
B085,Gelenk,Depot Nord (fiktiv),True,100
B086,Gelenk,Depot West (fiktiv),True,100
B087,Solo,Depot Nord (fiktiv),True,70
B088,Gelenk,Depot Nord (fiktiv),True,100
B089,Solo,Depot Süd (fiktiv),True,70
B090,Solo,Depot Süd (fiktiv),True,70
B091,Solo,Depot Nord (fiktiv),True,70
B092,Gelenk,Depot Süd (fiktiv),True,100
B093,Gelenk,Depot West (fiktiv),True,100
B094,Solo,Depot West (fiktiv),True,70
B095,Gelenk,Depot West (fiktiv),True,100
B096,Gelenk,Depot Süd (fiktiv),True,100
B097,Solo,Depot West (fiktiv),True,70
B098,Gelenk,Depot Nord (fiktiv),False,100
B099,Solo,Depot Süd (fiktiv),True,70
B100,Gelenk,Depot Süd (fiktiv),True,100
B101,Solo,Depot Süd (fiktiv),True,70
B102,Solo,Depot West (fiktiv),True,70
B103,Solo,Depot Nord (fiktiv),True,70
B104,Solo,Depot Nord (fiktiv),True,70
B105,Gelenk,Depot Süd (fiktiv),True,100
B106,Gelenk,Depot Nord (fiktiv),True,100
B107,Solo,Depot Nord (fiktiv),True,70
B108,Gelenk,Depot West (fiktiv),True,100
B109,Gelenk,Depot West (fiktiv),True,100
B110,Gelenk,Depot Nord (fiktiv),True,100
B111,Gelenk,Depot West (fiktiv),True,100
B112,Solo,Depot Nord (fiktiv),True,70
B113,Solo,Depot Süd (fiktiv),True,70
B114,Gelenk,Depot Nord (fiktiv),True,100
B115,Gelenk,Depot Nord (fiktiv),True,100
B116,Gelenk,Depot West (fiktiv),True,100
B117,Gelenk,Depot Nord (fiktiv),True,100
B118,Solo,Depot Nord (fiktiv),True,70
B119,Gelenk,Depot West (fiktiv),True,100
B120,Solo,Depot West (fiktiv),True,70
B121,Solo,Depot Süd (fiktiv),True,70
B122,Gelenk,Depot Süd (fiktiv),True,100
B123,Solo,Depot Nord (fiktiv),True,70
B124,Gelenk,Depot Süd (fiktiv),True,100
B125,Solo,Depot West (fiktiv),True,70
B126,Gelenk,Depot West (fiktiv),True,100
B127,Gelenk,Depot Süd (fiktiv),True,100
B128,Gelenk,Depot West (fiktiv),True,100
B129,Gelenk,Depot Nord (fiktiv),True,100
B130,Solo,Depot West (fiktiv),True,70
B131,Solo,Depot West (fiktiv),True,70
B132,Solo,Depot Nord (fiktiv),True,70
B133,Solo,Depot Nord (fiktiv),True,70
B134,Gelenk,Depot Süd (fiktiv),True,100
B135,Gelenk,Depot Süd (fiktiv),True,100
B136,Solo,Depot Nord (fiktiv),True,70
B137,Solo,Depot Nord (fiktiv),True,70
B138,Gelenk,Depot West (fiktiv),True,100
B139,Gelenk,Depot West (fiktiv),True,100
B140,Solo,Depot West (fiktiv),True,70
B141,Gelenk,Depot Süd (fiktiv),True,100
B142,Gelenk,Depot West (fiktiv),True,100
B143,Gelenk,Depot Nord (fiktiv),True,100
B144,Solo,Depot Süd (fiktiv),True,70
B145,Gelenk,Depot Süd (fiktiv),True,100
B146,Solo,Depot Nord (fiktiv),True,70
B147,Solo,Depot West (fiktiv),True,70
B148,Gelenk,Depot Nord (fiktiv),True,100
B149,Gelenk,Depot Nord (fiktiv),True,100
B150,Solo,Depot West (fiktiv),True,70
B151,Gelenk,Depot Süd (fiktiv),True,100
B152,Solo,Depot Süd (fiktiv),True,70
B153,Gelenk,Depot West (fiktiv),True,100
B154,Gelenk,Depot West (fiktiv),True,100
B155,Gelenk,Depot West (fiktiv),True,100
B156,Gelenk,Depot Süd (fiktiv),True,100
B157,Gelenk,Depot West (fiktiv),True,100
B158,Gelenk,Depot Süd (fiktiv),True,100
B159,Gelenk,Depot Süd (fiktiv),True,100
B160,Gelenk,Depot Nord (fiktiv),True,100
B161,Solo,Depot Nord (fiktiv),True,70
B162,Gelenk,Depot Süd (fiktiv),True,100
B163,Solo,Depot Süd (fiktiv),True,70
B164,Gelenk,Depot West (fiktiv),True,100
B165,Solo,Depot West (fiktiv),True,70
B166,Solo,Depot Nord (fiktiv),False,70
B167,Gelenk,Depot West (fiktiv),True,100
B168,Solo,Depot West (fiktiv),True,70
B169,Solo,Depot Süd (fiktiv),True,70
B170,Gelenk,Depot Nord (fiktiv),True,100
B171,Solo,Depot Nord (fiktiv),True,70
B172,Solo,Depot West (fiktiv),True,70
B173,Gelenk,Depot West (fiktiv),True,100
B174,Solo,Depot West (fiktiv),True,70
B175,Solo,Depot Nord (fiktiv),True,70
B176,Solo,Depot West (fiktiv),True,70
B177,Solo,Depot Nord (fiktiv),True,70
B178,Solo,Depot West (fiktiv),True,70
B179,Solo,Depot Nord (fiktiv),True,70
B180,Gelenk,Depot Nord (fiktiv),True,100
B181,Gelenk,Depot West (fiktiv),True,100
B182,Solo,Depot Nord (fiktiv),True,70
B183,Solo,Depot West (fiktiv),True,70
B184,Gelenk,Depot West (fiktiv),True,100
B185,Gelenk,Depot Süd (fiktiv),True,100
B186,Solo,Depot Süd (fiktiv),True,70
B187,Gelenk,Depot Nord (fiktiv),True,100
B188,Solo,Depot Süd (fiktiv),True,70
B189,Gelenk,Depot Nord (fiktiv),True,100
B190,Gelenk,Depot West (fiktiv),True,100
B191,Gelenk,Depot Süd (fiktiv),True,100
B192,Solo,Depot Nord (fiktiv),True,70
B193,Solo,Depot Nord (fiktiv),True,70
B194,Solo,Depot Nord (fiktiv),True,70
B195,Solo,Depot West (fiktiv),True,70
B196,Solo,Depot Süd (fiktiv),True,70
B197,Gelenk,Depot Nord (fiktiv),True,100
B198,Solo,Depot Nord (fiktiv),True,70
B199,Gelenk,Depot West (fiktiv),True,100
B200,Solo,Depot Süd (fiktiv),True,70
B201,Solo,Depot West (fiktiv),True,70
B202,Gelenk,Depot West (fiktiv),True,100
B203,Gelenk,Depot Süd (fiktiv),True,100
B204,Solo,Depot West (fiktiv),True,70
B205,Gelenk,Depot Nord (fiktiv),True,100
B206,Solo,Depot Süd (fiktiv),True,70
B207,Solo,Depot Süd (fiktiv),True,70
B208,Gelenk,Depot Nord (fiktiv),True,100
B209,Solo,Depot Süd (fiktiv),True,70
B210,Gelenk,Depot Süd (fiktiv),False,100
B211,Solo,Depot Süd (fiktiv),True,70
B212,Gelenk,Depot West (fiktiv),True,100
B213,Gelenk,Depot Süd (fiktiv),True,100
B214,Solo,Depot West (fiktiv),True,70
B215,Solo,Depot Süd (fiktiv),True,70
B216,Solo,Depot West (fiktiv),True,70
B217,Gelenk,Depot West (fiktiv),False,100
B218,Gelenk,Depot West (fiktiv),True,100
B219,Gelenk,Depot Nord (fiktiv),True,100
B220,Solo,Depot West (fiktiv),True,70
B221,Solo,Depot West (fiktiv),True,70
B222,Gelenk,Depot Nord (fiktiv),True,100
B223,Solo,Depot Süd (fiktiv),True,70
B224,Gelenk,Depot Nord (fiktiv),True,100
B225,Solo,Depot Nord (fiktiv),True,70
B226,Solo,Depot Nord (fiktiv),True,70
B227,Gelenk,Depot Nord (fiktiv),True,100
B228,Gelenk,Depot Nord (fiktiv),True,100
B229,Gelenk,Depot Nord (fiktiv),True,100
B230,Solo,Depot West (fiktiv),True,70
B231,Gelenk,Depot West (fiktiv),True,100
B232,Gelenk,Depot Süd (fiktiv),True,100
B233,Gelenk,Depot Nord (fiktiv),True,100
B234,Gelenk,Depot West (fiktiv),True,100
B235,Gelenk,Depot West (fiktiv),True,100
B236,Gelenk,Depot Süd (fiktiv),True,100
B237,Solo,Depot West (fiktiv),True,70
B238,Solo,Depot West (fiktiv),True,70
B239,Gelenk,Depot Süd (fiktiv),True,100
B240,Solo,Depot Nord (fiktiv),True,70
B241,Solo,Depot Nord (fiktiv),True,70
B242,Gelenk,Depot Süd (fiktiv),True,100
B243,Solo,Depot West (fiktiv),True,70
B244,Gelenk,Depot Nord (fiktiv),False,100
B245,Gelenk,Depot Süd (fiktiv),True,100
B246,Solo,Depot Nord (fiktiv),True,70
B247,Gelenk,Depot West (fiktiv),True,100
B248,Solo,Depot Süd (fiktiv),True,70
B249,Gelenk,Depot Süd (fiktiv),True,100
B250,Gelenk,Depot West (fiktiv),True,100
B251,Solo,Depot West (fiktiv),True,70
B252,Solo,Depot Süd (fiktiv),True,70
B253,Solo,Depot West (fiktiv),True,70
B254,Solo,Depot Süd (fiktiv),True,70
B255,Solo,Depot West (fiktiv),True,70
B256,Gelenk,Depot Süd (fiktiv),True,100
B257,Solo,Depot Süd (fiktiv),True,70
B258,Gelenk,Depot Nord (fiktiv),True,100
B259,Solo,Depot West (fiktiv),True,70
B260,Gelenk,Depot Nord (fiktiv),True,100
B261,Solo,Depot Süd (fiktiv),True,70
B262,Solo,Depot Süd (fiktiv),True,70
B263,Gelenk,Depot West (fiktiv),True,100
B264,Solo,Depot Nord (fiktiv),True,70
B265,Gelenk,Depot Süd (fiktiv),True,100
B266,Solo,Depot West (fiktiv),True,70
B267,Gelenk,Depot Süd (fiktiv),True,100
B268,Gelenk,Depot West (fiktiv),True,100
B269,Gelenk,Depot Süd (fiktiv),True,100
B270,Solo,Depot West (fiktiv),True,70
B271,Solo,Depot West (fiktiv),True,70
B272,Solo,Depot Nord (fiktiv),True,70
B273,Solo,Depot Nord (fiktiv),True,70
B274,Solo,Depot West (fiktiv),False,70
B275,Gelenk,Depot Nord (fiktiv),False,100
B276,Gelenk,Depot West (fiktiv),True,100
B277,Gelenk,Depot Süd (fiktiv),True,100
B278,Solo,Depot West (fiktiv),True,70
