fahrer_id,depot,schicht,krank
F0001,Depot West (fiktiv),spät,False
F0002,Depot Süd (fiktiv),spät,False
F0003,Depot Süd (fiktiv),geteilt,False
F0004,Depot Süd (fiktiv),früh,False
F0005,Depot Süd (fiktiv),spät,False
F0006,Depot West (fiktiv),spät,True
F0007,Depot Nord (fiktiv),früh,True
F0008,Depot Nord (fiktiv),geteilt,False
F0009,Depot Nord (fiktiv),früh,False
F0010,Depot Süd (fiktiv),früh,False
F0011,Depot Nord (fiktiv),spät,False
F0012,Depot West (fiktiv),früh,False
F0013,Depot Süd (fiktiv),früh,False
F0014,Depot Nord (fiktiv),früh,False
F0015,Depot Süd (fiktiv),früh,False
F0016,Depot West (fiktiv),spät,False
F0017,Depot Süd (fiktiv),geteilt,False
F0018,Depot West (fiktiv),spät,False
F0019,Depot Nord (fiktiv),früh,False
F0020,Depot Süd (fiktiv),spät,False
F0021,Depot Nord (fiktiv),geteilt,False
F0022,Depot West (fiktiv),spät,False
F0023,Depot Süd (fiktiv),früh,True
F0024,Depot Süd (fiktiv),früh,True
F0025,Depot West (fiktiv),geteilt,False
F0026,Depot West (fiktiv),geteilt,False
F0027,Depot West (fiktiv),früh,False
F0028,Depot West (fiktiv),spät,False
F0029,Depot Nord (fiktiv),früh,False
F0030,Depot West (fiktiv),früh,False
F0031,Depot Süd (fiktiv),spät,False
F0032,Depot West (fiktiv),spät,False
F0033,Depot Nord (fiktiv),früh,True
F0034,Depot Nord (fiktiv),geteilt,False
F0035,Depot Nord (fiktiv),spät,False
F0036,Depot West (fiktiv),früh,False
F0037,Depot Nord (fiktiv),spät,False
F0038,Depot Nord (fiktiv),spät,False
F0039,Depot Nord (fiktiv),spät,False
F0040,Depot Süd (fiktiv),geteilt,False
F0041,Depot Nord (fiktiv),spät,False
F0042,Depot Nord (fiktiv),früh,False
F0043,Depot West (fiktiv),früh,False
F0044,Depot West (fiktiv),spät,False
F0045,Depot Nord (fiktiv),geteilt,False
F0046,Depot Nord (fiktiv),früh,False
F0047,Depot Süd (fiktiv),früh,False
F0048,Depot Süd (fiktiv),spät,False
F0049,Depot West (fiktiv),früh,False
F0050,Depot Nord (fiktiv),früh,False
F0051,Depot Nord (fiktiv),geteilt,False
F0052,Depot West (fiktiv),spät,False
F0053,Depot Nord (fiktiv),geteilt,False
F0054,Depot Nord (fiktiv),spät,False
F0055,Depot West (fiktiv),früh,False
F0056,Depot Nord (fiktiv),geteilt,False
F0057,Depot Süd (fiktiv),früh,False
F0058,Depot West (fiktiv),früh,False
F0059,Depot Nord (fiktiv),geteilt,False
F0060,Depot West (fiktiv),spät,False
F0061,Depot West (fiktiv),geteilt,False
F0062,Depot Süd (fiktiv),früh,False
F0063,Depot Nord (fiktiv),geteilt,False
F0064,Depot West (fiktiv),spät,False
F0065,Depot Nord (fiktiv),spät,False
F0066,Depot West (fiktiv),geteilt,False
F0067,Depot Nord (fiktiv),früh,False
F0068,Depot West (fiktiv),spät,False
F0069,Depot Nord (fiktiv),spät,False
F0070,Depot Nord (fiktiv),spät,False
F0071,Depot Nord (fiktiv),geteilt,True
F0072,Depot Nord (fiktiv),spät,True
F0073,Depot West (fiktiv),früh,False
F0074,Depot West (fiktiv),früh,False
F0075,Depot West (fiktiv),geteilt,False
F0076,Depot Nord (fiktiv),geteilt,False
F0077,Depot Nord (fiktiv),geteilt,False
F0078,Depot Süd (fiktiv),früh,False
F0079,Depot West (fiktiv),früh,True
F0080,Depot West (fiktiv),spät,False
F0081,Depot Süd (fiktiv),spät,False
F0082,Depot Süd (fiktiv),früh,False
F0083,Depot Süd (fiktiv),spät,False
F0084,Depot West (fiktiv),früh,False
F0085,Depot West (fiktiv),spät,False
F0086,Depot West (fiktiv),früh,False
F0087,Depot West (fiktiv),früh,False
F0088,Depot Süd (fiktiv),früh,False
F0089,Depot Süd (fiktiv),geteilt,False
F0090,Depot Süd (fiktiv),spät,False
F0091,Depot Süd (fiktiv),geteilt,False
F0092,Depot Nord (fiktiv),spät,False
F0093,Depot Nord (fiktiv),früh,False
F0094,Depot Süd (fiktiv),früh,False
F0095,Depot Süd (fiktiv),spät,False
F0096,Depot Nord (fiktiv),früh,False
F0097,Depot Süd (fiktiv),spät,False
F0098,Depot Nord (fiktiv),spät,False
F0099,Depot Nord (fiktiv),geteilt,False
F0100,Depot Süd (fiktiv),früh,False
F0101,Depot Nord (fiktiv),spät,False
F0102,Depot Süd (fiktiv),früh,False
F0103,Depot Nord (fiktiv),früh,False
F0104,Depot West (fiktiv),spät,False
F0105,Depot West (fiktiv),spät,False
F0106,Depot Nord (fiktiv),spät,False
F0107,Depot Nord (fiktiv),früh,False
F0108,Depot Nord (fiktiv),geteilt,False
F0109,Depot Süd (fiktiv),geteilt,True
F0110,Depot West (fiktiv),spät,True
F0111,Depot West (fiktiv),geteilt,False
F0112,Depot Süd (fiktiv),früh,False
F0113,Depot Nord (fiktiv),spät,False
F0114,Depot Nord (fiktiv),geteilt,False
F0115,Depot West (fiktiv),spät,False
F0116,Depot Nord (fiktiv),spät,False
F0117,Depot Nord (fiktiv),spät,False
F0118,Depot Nord (fiktiv),spät,False
F0119,Depot West (fiktiv),spät,False
F0120,Depot Nord (fiktiv),früh,False
F0121,Depot Nord (fiktiv),früh,False
F0122,Depot West (fiktiv),spät,False
F0123,Depot West (fiktiv),spät,False
F0124,Depot Süd (fiktiv),spät,False
F0125,Depot Süd (fiktiv),geteilt,False
F0126,Depot Nord (fiktiv),spät,False
F0127,Depot Süd (fiktiv),früh,False
F0128,Depot Süd (fiktiv),früh,False
F0129,Depot West (fiktiv),spät,False
F0130,Depot Nord (fiktiv),spät,False
F0131,Depot Süd (fiktiv),spät,False
F0132,Depot West (fiktiv),spät,True
F0133,Depot Süd (fiktiv),spät,False
F0134,Depot West (fiktiv),spät,False
F0135,Depot West (fiktiv),spät,False
F0136,Depot Nord (fiktiv),früh,False
F0137,Depot Nord (fiktiv),spät,False
F0138,Depot West (fiktiv),spät,False
F0139,Depot West (fiktiv),früh,False
F0140,Depot Nord (fiktiv),spät,False
F0141,Depot West (fiktiv),spät,False
F0142,Depot Süd (fiktiv),spät,False
F0143,Depot Süd (fiktiv),spät,False
F0144,Depot West (fiktiv),früh,False
F0145,Depot Nord (fiktiv),früh,False
F0146,Depot West (fiktiv),früh,True
F0147,Depot Nord (fiktiv),früh,False
F0148,Depot Süd (fiktiv),spät,False
F0149,Depot West (fiktiv),spät,False
F0150,Depot West (fiktiv),spät,False
F0151,Depot West (fiktiv),früh,False
F0152,Depot Süd (fiktiv),früh,False
F0153,Depot West (fiktiv),früh,False
F0154,Depot Nord (fiktiv),spät,False
F0155,Depot Nord (fiktiv),früh,False
F0156,Depot West (fiktiv),spät,False
F0157,Depot West (fiktiv),spät,False
F0158,Depot West (fiktiv),spät,False
F0159,Depot Süd (fiktiv),früh,False
F0160,Depot Süd (fiktiv),früh,True
F0161,Depot Süd (fiktiv),spät,False
F0162,Depot West (fiktiv),spät,True
F0163,Depot Nord (fiktiv),früh,False
F0164,Depot Nord (fiktiv),geteilt,False
F0165,Depot Süd (fiktiv),spät,False
F0166,Depot West (fiktiv),spät,False
F0167,Depot Süd (fiktiv),früh,False
F0168,Depot West (fiktiv),früh,False
F0169,Depot Nord (fiktiv),früh,False
F0170,Depot Süd (fiktiv),früh,False
F0171,Depot West (fiktiv),spät,False
F0172,Depot West (fiktiv),spät,False
F0173,Depot Süd (fiktiv),geteilt,False
F0174,Depot West (fiktiv),geteilt,False
F0175,Depot Süd (fiktiv),früh,False
F0176,Depot Nord (fiktiv),früh,False
F0177,Depot Nord (fiktiv),spät,False
F0178,Depot Süd (fiktiv),geteilt,False
F0179,Depot Süd (fiktiv),geteilt,False
F0180,Depot West (fiktiv),früh,False
F0181,Depot West (fiktiv),früh,False
F0182,Depot West (fiktiv),früh,False
F0183,Depot West (fiktiv),spät,False
F0184,Depot Süd (fiktiv),spät,False
F0185,Depot Nord (fiktiv),spät,False
F0186,Depot Süd (fiktiv),spät,False
F0187,Depot West (fiktiv),früh,False
F0188,Depot Süd (fiktiv),spät,False
F0189,Depot Süd (fiktiv),früh,False
F0190,Depot Süd (fiktiv),spät,False
F0191,Depot Nord (fiktiv),spät,False
F0192,Depot Süd (fiktiv),spät,False
F0193,Depot Nord (fiktiv),früh,False
F0194,Depot Nord (fiktiv),spät,True
F0195,Depot Nord (fiktiv),spät,False
F0196,Depot West (fiktiv),früh,False
F0197,Depot Süd (fiktiv),früh,False
F0198,Depot Süd (fiktiv),spät,False
F0199,Depot Süd (fiktiv),früh,False
F0200,Depot Süd (fiktiv),früh,False
F0201,Depot Nord (fiktiv),früh,False
F0202,Depot Süd (fiktiv),früh,False
F0203,Depot West (fiktiv),spät,False
F0204,Depot Nord (fiktiv),spät,False
F0205,Depot West (fiktiv),früh,False
F0206,Depot West (fiktiv),spät,False
F0207,Depot Nord (fiktiv),früh,False
F0208,Depot Nord (fiktiv),früh,False
F0209,Depot Süd (fiktiv),früh,False
F0210,Depot Nord (fiktiv),spät,False
F0211,Depot Nord (fiktiv),geteilt,False
F0212,Depot Nord (fiktiv),spät,False
F0213,Depot Nord (fiktiv),früh,False
F0214,Depot Süd (fiktiv),früh,True
F0215,Depot West (fiktiv),früh,False
F0216,Depot Nord (fiktiv),spät,False
F0217,Depot Nord (fiktiv),früh,False
F0218,Depot West (fiktiv),geteilt,False
F0219,Depot Süd (fiktiv),spät,False
F0220,Depot Nord (fiktiv),spät,True
F0221,Depot West (fiktiv),spät,True
F0222,Depot Nord (fiktiv),früh,False
F0223,Depot Süd (fiktiv),spät,False
F0224,Depot Süd (fiktiv),früh,False
F0225,Depot West (fiktiv),spät,True
F0226,Depot Nord (fiktiv),spät,True
F0227,Depot West (fiktiv),früh,False
F0228,Depot Nord (fiktiv),spät,False
F0229,Depot Nord (fiktiv),früh,False
F0230,Depot Nord (fiktiv),früh,False
F0231,Depot Süd (fiktiv),spät,True
F0232,Depot Nord (fiktiv),spät,False
F0233,Depot Nord (fiktiv),geteilt,False
F0234,Depot West (fiktiv),spät,False
F0235,Depot West (fiktiv),spät,False
F0236,Depot Süd (fiktiv),früh,False
F0237,Depot Nord (fiktiv),früh,False
F0238,Depot Süd (fiktiv),geteilt,False
F0239,Depot Nord (fiktiv),früh,False
F0240,Depot Nord (fiktiv),spät,False
F0241,Depot Nord (fiktiv),früh,False
F0242,Depot Nord (fiktiv),früh,False
F0243,Depot West (fiktiv),spät,False
F0244,Depot West (fiktiv),spät,False
F0245,Depot Nord (fiktiv),spät,False
F0246,Depot Nord (fiktiv),geteilt,False
F0247,Depot Nord (fiktiv),früh,False
F0248,Depot Nord (fiktiv),spät,False
F0249,Depot West (fiktiv),früh,False
F0250,Depot Süd (fiktiv),spät,False
F0251,Depot Nord (fiktiv),früh,False
F0252,Depot West (fiktiv),spät,False
F0253,Depot Nord (fiktiv),früh,False
F0254,Depot Süd (fiktiv),spät,False
F0255,Depot Süd (fiktiv),spät,False
F0256,Depot West (fiktiv),geteilt,False
F0257,Depot Süd (fiktiv),früh,False
F0258,Depot Nord (fiktiv),geteilt,False
F0259,Depot Nord (fiktiv),früh,False
F0260,Depot Nord (fiktiv),früh,False
F0261,Depot Süd (fiktiv),früh,False
F0262,Depot West (fiktiv),früh,False
F0263,Depot West (fiktiv),spät,False
F0264,Depot Nord (fiktiv),früh,False
F0265,Depot West (fiktiv),früh,False
F0266,Depot Süd (fiktiv),spät,False
F0267,Depot Süd (fiktiv),spät,False
F0268,Depot Nord (fiktiv),spät,False
F0269,Depot Süd (fiktiv),spät,False
F0270,Depot West (fiktiv),früh,False
F0271,Depot Nord (fiktiv),spät,False
F0272,Depot Nord (fiktiv),früh,False
F0273,Depot West (fiktiv),früh,False
F0274,Depot West (fiktiv),früh,False
F0275,Depot Nord (fiktiv),spät,False
F0276,Depot Nord (fiktiv),früh,False
F0277,Depot West (fiktiv),spät,False
F0278,Depot Nord (fiktiv),früh,False
F0279,Depot Süd (fiktiv),spät,False
F0280,Depot West (fiktiv),spät,False
F0281,Depot Süd (fiktiv),früh,False
F0282,Depot Nord (fiktiv),früh,False
F0283,Depot Nord (fiktiv),spät,False
F0284,Depot Süd (fiktiv),spät,False
F0285,Depot Nord (fiktiv),früh,False
F0286,Depot Süd (fiktiv),spät,False
F0287,Depot West (fiktiv),früh,False
F0288,Depot West (fiktiv),früh,False
F0289,Depot Nord (fiktiv),früh,False
F0290,Depot West (fiktiv),spät,False
F0291,Depot West (fiktiv),früh,False
F0292,Depot Nord (fiktiv),spät,False
F0293,Depot Süd (fiktiv),früh,False
F0294,Depot West (fiktiv),spät,False
F0295,Depot Süd (fiktiv),früh,False
F0296,Depot Nord (fiktiv),spät,False
F0297,Depot West (fiktiv),spät,False
F0298,Depot West (fiktiv),früh,False
F0299,Depot Süd (fiktiv),früh,False
F0300,Depot West (fiktiv),spät,False
F0301,Depot Nord (fiktiv),geteilt,False
F0302,Depot Süd (fiktiv),geteilt,False
F0303,Depot Nord (fiktiv),früh,False
F0304,Depot West (fiktiv),spät,False
F0305,Depot West (fiktiv),früh,False
F0306,Depot Süd (fiktiv),früh,False
F0307,Depot Nord (fiktiv),spät,False
F0308,Depot West (fiktiv),spät,False
F0309,Depot West (fiktiv),spät,False
F0310,Depot Nord (fiktiv),spät,False
F0311,Depot West (fiktiv),früh,False
F0312,Depot Nord (fiktiv),spät,False
F0313,Depot West (fiktiv),früh,False
F0314,Depot Süd (fiktiv),früh,False
F0315,Depot Nord (fiktiv),früh,False
F0316,Depot Süd (fiktiv),geteilt,False
F0317,Depot West (fiktiv),spät,False
F0318,Depot Nord (fiktiv),früh,False
F0319,Depot West (fiktiv),spät,False
F0320,Depot Nord (fiktiv),geteilt,False
F0321,Depot Süd (fiktiv),geteilt,False
F0322,Depot West (fiktiv),spät,False
F0323,Depot Süd (fiktiv),früh,True
F0324,Depot Nord (fiktiv),spät,False
F0325,Depot Süd (fiktiv),spät,False
F0326,Depot West (fiktiv),geteilt,False
F0327,Depot Süd (fiktiv),spät,False
F0328,Depot Nord (fiktiv),spät,False
F0329,Depot West (fiktiv),früh,False
F0330,Depot West (fiktiv),spät,False
F0331,Depot Süd (fiktiv),früh,False
F0332,Depot Süd (fiktiv),früh,False
F0333,Depot West (fiktiv),spät,False
F0334,Depot Nord (fiktiv),spät,False
F0335,Depot Süd (fiktiv),geteilt,False
F0336,Depot Nord (fiktiv),spät,False
F0337,Depot West (fiktiv),geteilt,False
F0338,Depot Nord (fiktiv),spät,False
F0339,Depot Nord (fiktiv),spät,False
F0340,Depot West (fiktiv),früh,False
F0341,Depot Süd (fiktiv),spät,False
F0342,Depot West (fiktiv),früh,False
F0343,Depot Süd (fiktiv),früh,False
F0344,Depot Süd (fiktiv),früh,False
F0345,Depot Süd (fiktiv),spät,False
F0346,Depot Süd (fiktiv),spät,False
F0347,Depot West (fiktiv),geteilt,False
F0348,Depot West (fiktiv),geteilt,False
F0349,Depot Süd (fiktiv),geteilt,False
F0350,Depot Süd (fiktiv),früh,False
F0351,Depot Süd (fiktiv),geteilt,False
F0352,Depot Nord (fiktiv),spät,False
F0353,Depot Nord (fiktiv),geteilt,False
F0354,Depot West (fiktiv),früh,True
F0355,Depot West (fiktiv),früh,False
F0356,Depot Nord (fiktiv),geteilt,False
F0357,Depot West (fiktiv),früh,False
F0358,Depot West (fiktiv),früh,False
F0359,Depot West (fiktiv),spät,False
F0360,Depot West (fiktiv),früh,False
F0361,Depot Süd (fiktiv),früh,False
F0362,Depot Süd (fiktiv),geteilt,True
F0363,Depot Süd (fiktiv),geteilt,False
F0364,Depot West (fiktiv),geteilt,False
F0365,Depot Nord (fiktiv),früh,False
F0366,Depot Süd (fiktiv),früh,False
F0367,Depot Nord (fiktiv),früh,False
F0368,Depot Nord (fiktiv),spät,False
F0369,Depot Süd (fiktiv),früh,False
F0370,Depot Süd (fiktiv),spät,False
F0371,Depot Süd (fiktiv),geteilt,False
F0372,Depot Nord (fiktiv),spät,False
F0373,Depot Nord (fiktiv),früh,False
F0374,Depot Süd (fiktiv),früh,False
F0375,Depot Süd (fiktiv),früh,False
F0376,Depot Nord (fiktiv),früh,False
